"Name","Bytes","Width","Height"
"allspice.png","17289","156","156"
"almond.png","18950","156","156"
"andean-gooseberry.png","30171","156","156"
"angelica.png","19965","156","156"
"anise.png","17266","156","156"
"apple.png","15424","156","156"
"apricot.png","18090","156","156"
"aronia-berry.png","27684","156","156"
"ash.png","18058","156","156"
"asian-pear.png","21322","156","156"
"asparagus.png","12907","156","156"
"banana.png","14721","156","156"
"bay.png","16144","156","156"
"bay-leaf.png","15683","156","156"
"bergamot.png","26374","156","156"
"bilberry.png","23265","156","156"
"biscuit.png","22327","156","156"
"blackberry.png","28882","156","156"
"black-cherry.png","17376","156","156"
"black-currant.png","17917","156","156"
"black-pepper.png","19869","156","156"
"black-tea.png","16909","156","156"
"blueberry.png","28578","156","156"
"bourbon.png","18774","156","156"
"bread-crust.png","23531","156","156"
"brioche.png","20272","156","156"
"broth.png","17573","156","156"
"brownie.png","23426","156","156"
"brown-sugar.png","27817","156","156"
"bubblegum.png","13091","156","156"
"burnt-amber.png","20475","156","156"
"burnt-sugar.png","15748","156","156"
"burnt-toast.png","16674","156","156"
"butterscotch.png","17368","156","156"
"cacao.png","26079","156","156"
"cacao-nib.png","22246","156","156"
"campfire.png","17510","156","156"
"candied-orange.png","14670","156","156"
"cannabis.png","30787","156","156"
"caramel.png","16770","156","156"
"cardamom.png","25424","156","156"
"cassis.png","17917","156","156"
"cedar.png","19096","156","156"
"cereal.png","19544","156","156"
"chalk.png","13747","156","156"
"chamomile.png","20190","156","156"
"char.png","25707","156","156"
"cherry.png","22233","156","156"
"chestnut.png","22725","156","156"
"chile.png","15907","156","156"
"chokeberry.png","29791","156","156"
"cider-like.png","21875","156","156"
"cinnamon.png","21995","156","156"
"citron.png","24013","156","156"
"citrus-blossom.png","18322","156","156"
"citrus-peel.png","21106","156","156"
"cloudberry.png","29978","156","156"
"clove.png","17689","156","156"
"cocoa-nib.png","20135","156","156"
"coconut.png","23359","156","156"
"coffee.png","24466","156","156"
"coriander.png","24583","156","156"
"cornbread.png","18931","156","156"
"cornelian-cherry.png","28499","156","156"
"cracker.png","20060","156","156"
"cranberry.png","18468","156","156"
"currant.png","22073","156","156"
"cut-grass.png","29537","156","156"
"dark-chocolate.png","23247","156","156"
"date.png","20392","156","156"
"dill.png","26464","156","156"
"dried-apricot.png","21310","156","156"
"dried-date.png","23989","156","156"
"dried-fig.png","27651","156","156"
"edamame.png","24462","156","156"
"elderberry.png","29841","156","156"
"elderflower.png","23999","156","156"
"espresso.png","25209","156","156"
"eucalyptus.png","33493","156","156"
"feijoa.png","24240","156","156"
"fennel.png","27335","156","156"
"fig.png","20824","156","156"
"fig-jam.png","25207","156","156"
"Flavor Pic 01.png","1146502","1536","1024"
"Flavor Pic 02.png","1265915","1536","1024"
"Flavor Pic 03.png","1976025","1536","1024"
"Flavor Pic 04.png","2229713","1536","1024"
"Flavor Pic 05.png","2229904","1536","1024"
"Flavor Pic 06.png","2263811","1536","1024"
"Flavor Pic 07.png","2411011","1536","1024"
"Flavor Pic 08.png","2359509","1536","1024"
"Flavor Pic 09.png","2580243","1536","1024"
"Flavor Pic 10.png","2409458","1536","1024"
"Flavor Pic 11.png","2428620","1536","1024"
"Flavor Pic 12.png","1831616","1536","1024"
"flint.png","23285","156","156"
"forest-floor.png","27049","156","156"
"fudge.png","23426","156","156"
"gardenia.png","31383","156","156"
"gentian.png","27169","156","156"
"ginger.png","23875","156","156"
"gooseberry.png","24148","156","156"
"grape.png","23840","156","156"
"grapefruit.png","29685","156","156"
"grapefruit-zest.png","26068","156","156"
"grape-must.png","28674","156","156"
"graphite.png","24710","156","156"
"green-apple.png","22473","156","156"
"green-peppercorn.png","24889","156","156"
"guava.png","27897","156","156"
"haskap.png","28662","156","156"
"hazelnut.png","22725","156","156"
"herbal-resin.png","27754","156","156"
"herbal-root.png","31233","156","156"
"honey.png","25676","156","156"
"honeysuckle.png","24684","156","156"
"iodine.png","28282","156","156"
"jackfruit.png","30317","156","156"
"jasmine.png","24872","156","156"
"juniper.png","27344","156","156"
"kiwi.png","28501","156","156"
"kumquat.png","21469","156","156"
"lactic-tang.png","19889","156","156"
"lavender.png","25505","156","156"
"leather.png","24520","156","156"
"lemon.png","30253","156","156"
"lemon-oil.png","24146","156","156"
"lemon-peel.png","20529","156","156"
"lilac.png","27416","156","156"
"lily.png","23716","156","156"
"lime.png","28511","156","156"
"lingonberry.png","29837","156","156"
"loam.png","35111","156","156"
"lychee.png","25467","156","156"
"malted-barley.png","25751","156","156"
"malted-cocoa.png","23985","156","156"
"mandarin.png","26164","156","156"
"mango.png","27840","156","156"
"maple.png","36854","156","156"
"marzipan.png","24250","156","156"
"medicinal.png","27978","156","156"
"meyer-lemon.png","24982","156","156"
"milk-chocolate.png","31554","156","156"
"mint.png","29140","156","156"
"molasses.png","20685","156","156"
"mountain-papaya.png","32435","156","156"
"mulberry.png","31127","156","156"
"mushroom.png","25521","156","156"
"nectarine.png","23381","156","156"
"nori.png","21614","156","156"
"nougat.png","24250","156","156"
"nutmeg.png","29949","156","156"
"oak.png","25583","156","156"
"oak-tannin.png","25495","156","156"
"oat-biscuit.png","24844","156","156"
"old-wood.png","27386","156","156"
"olive.png","27373","156","156"
"orange.png","29119","156","156"
"orange-blossom.png","25827","156","156"
"orange-peel.png","21830","156","156"
"orange-zest.png","22666","156","156"
"orchid.png","25211","156","156"
"orris.png","29044","156","156"
"oxidized-sherry.png","25340","156","156"
"papaya.png","32435","156","156"
"passionfruit.png","26719","156","156"
"peach.png","23181","156","156"
"peanut-brittle.png","29972","156","156"
"peanut-skin.png","28583","156","156"
"pear.png","32095","156","156"
"pear-drop.png","32095","156","156"
"peat.png","28073","156","156"
"pecan.png","24685","156","156"
"pepper.png","23994","156","156"
"pine.png","30787","156","156"
"pineapple.png","31351","156","156"
"pine-smoke.png","29020","156","156"
"plum.png","33767","156","156"
"pomegranate.png","28987","156","156"
"pomelo.png","26172","156","156"
"porridge.png","27275","156","156"
"praline.png","29550","156","156"
"prickly-pear.png","29031","156","156"
"quince.png","26047","156","156"
"raisin.png","27651","156","156"
"rancio.png","25340","156","156"
"raspberry.png","34742","156","156"
"red-apple.png","25275","156","156"
"red-currant.png","27733","156","156"
"resin.png","27754","156","156"
"river-pebble.png","29448","156","156"
"rock-sugar.png","24931","156","156"
"rose.png","36709","156","156"
"rose-petal.png","25280","156","156"
"rowan-berry.png","31875","156","156"
"rum.png","26927","156","156"
"rye-spice.png","28434","156","156"
"sage.png","26043","156","156"
"saline.png","25888","156","156"
"sap.png","27754","156","156"
"sea-buckthorn.png","31035","156","156"
"sea-spray.png","25888","156","156"
"seaweed.png","29711","156","156"
"sesame.png","27814","156","156"
"shell.png","29448","156","156"
"slate.png","23285","156","156"
"sloe.png","30816","156","156"
"smoke.png","24185","156","156"
"smoked-tea.png","21446","156","156"
"snap-pea.png","24462","156","156"
"sour-cherry.png","27229","156","156"
"soy.png","29711","156","156"
"soy-caramel.png","27247","156","156"
"spinach.png","33755","156","156"
"star-anise.png","17266","156","156"
"stone-fruit.png","23181","156","156"
"strawberry.png","26634","156","156"
"sweet-corn.png","26594","156","156"
"sweet-smoke.png","30834","156","156"
"tannin.png","25495","156","156"
"tar.png","25707","156","156"
"thyme.png","26043","156","156"
"toast.png","16674","156","156"
"toasted-nori.png","21614","156","156"
"toasted-rice.png","19544","156","156"
"toasted-sugar.png","15748","156","156"
"tobacco.png","30303","156","156"
"toffee.png","27247","156","156"
"treacle.png","20685","156","156"
"truffle.png","25521","156","156"
"vanilla.png","22980","156","156"
"violet.png","28542","156","156"
"walnut.png","32145","156","156"
"wet-earth.png","27049","156","156"
"wet-slate.png","29448","156","156"
"wet-stone.png","29448","156","156"
"wheat-cream.png","25213","156","156"
"white-peach.png","23389","156","156"
"white-pepper.png","29349","156","156"
"wormwood.png","26043","156","156"
"yellow-peach.png","22552","156","156"
"yogurt.png","22155","156","156"
"yuzu.png","24013","156","156"
