"descriptor","filename","bytes","width","height"
"allspice","allspice.png","17289","156","156"
"almond","almond.png","18950","156","156"
"angelica","angelica.png","19965","156","156"
"anise","anise.png","17266","156","156"
"apple","apple.png","15424","156","156"
"apricot","apricot.png","18090","156","156"
"ash","ash.png","18058","156","156"
"asian pear","asian-pear.png","21322","156","156"
"asparagus","asparagus.png","12907","156","156"
"banana","banana.png","14721","156","156"
"bay","bay.png","16144","156","156"
"bay leaf","bay-leaf.png","15683","156","156"
"bilberry","bilberry.png","23265","156","156"
"biscuit","biscuit.png","22327","156","156"
"black cherry","black-cherry.png","17376","156","156"
"black currant","black-currant.png","17917","156","156"
"black pepper","black-pepper.png","19869","156","156"
"black tea","black-tea.png","16909","156","156"
"bourbon","bourbon.png","18774","156","156"
"bread crust","bread-crust.png","23531","156","156"
"brioche","brioche.png","20272","156","156"
"broth","broth.png","17573","156","156"
"brownie","brownie.png","23426","156","156"
"bubblegum","bubblegum.png","13091","156","156"
"burnt amber","burnt-amber.png","20475","156","156"
"burnt sugar","burnt-sugar.png","15748","156","156"
"burnt toast","burnt-toast.png","16674","156","156"
"butterscotch","butterscotch.png","17368","156","156"
"cacao nib","cacao-nib.png","22246","156","156"
"campfire","campfire.png","17510","156","156"
"candied orange","candied-orange.png","14670","156","156"
"caramel","caramel.png","16770","156","156"
"cassis","cassis.png","17917","156","156"
"cedar","cedar.png","19096","156","156"
"cereal","cereal.png","19544","156","156"
"chalk","chalk.png","13747","156","156"
"chamomile","chamomile.png","20190","156","156"
"cherry","cherry.png","22233","156","156"
"chestnut","chestnut.png","22725","156","156"
"chile","chile.png","15907","156","156"
"cider-like","cider-like.png","21875","156","156"
"cinnamon","cinnamon.png","21995","156","156"
"citron","citron.png","24013","156","156"
"citrus blossom","citrus-blossom.png","18322","156","156"
"citrus peel","citrus-peel.png","21106","156","156"
"clove","clove.png","17689","156","156"
"cocoa nib","cocoa-nib.png","20135","156","156"
"coconut","coconut.png","23359","156","156"
"coffee","coffee.png","24466","156","156"
"cornbread","cornbread.png","18931","156","156"
"cracker","cracker.png","20060","156","156"
"cranberry","cranberry.png","18468","156","156"
"currant","currant.png","22073","156","156"
"dark chocolate","dark-chocolate.png","23247","156","156"
"date","date.png","20392","156","156"
"dried apricot","dried-apricot.png","21310","156","156"
"dried date","dried-date.png","23989","156","156"
"edamame","edamame.png","24462","156","156"
"elderflower","elderflower.png","23999","156","156"
"feijoa","feijoa.png","24240","156","156"
"fig","fig.png","20824","156","156"
"flint","flint.png","23285","156","156"
"fudge","fudge.png","23426","156","156"
"ginger","ginger.png","23875","156","156"
"gooseberry","gooseberry.png","24148","156","156"
"grape","grape.png","23840","156","156"
"green apple","green-apple.png","22473","156","156"
"hazelnut","hazelnut.png","22725","156","156"
"kumquat","kumquat.png","21469","156","156"
"lactic tang","lactic-tang.png","19889","156","156"
"leather","leather.png","24520","156","156"
"lemon oil","lemon-oil.png","24146","156","156"
"lemon peel","lemon-peel.png","20529","156","156"
"lily","lily.png","23716","156","156"
"malted cocoa","malted-cocoa.png","23985","156","156"
"marzipan","marzipan.png","24250","156","156"
"molasses","molasses.png","20685","156","156"
"nectarine","nectarine.png","23381","156","156"
"nori","nori.png","21614","156","156"
"nougat","nougat.png","24250","156","156"
"orange peel","orange-peel.png","21830","156","156"
"orange zest","orange-zest.png","22666","156","156"
"peach","peach.png","23181","156","156"
"pepper","pepper.png","23994","156","156"
"slate","slate.png","23285","156","156"
"smoke","smoke.png","24185","156","156"
"smoked tea","smoked-tea.png","21446","156","156"
"snap pea","snap-pea.png","24462","156","156"
"star anise","star-anise.png","17266","156","156"
"stone fruit","stone-fruit.png","23181","156","156"
"toast","toast.png","16674","156","156"
"toasted nori","toasted-nori.png","21614","156","156"
"toasted rice","toasted-rice.png","19544","156","156"
"toasted sugar","toasted-sugar.png","15748","156","156"
"treacle","treacle.png","20685","156","156"
"vanilla","vanilla.png","22980","156","156"
"white peach","white-peach.png","23389","156","156"
"yellow peach","yellow-peach.png","22552","156","156"
"yogurt","yogurt.png","22155","156","156"
"yuzu","yuzu.png","24013","156","156"
