"Name","Bytes","Width","Height","Pixels"
"absinthe.png","1372024","1024","1024","1048576"
"acetate.png","1235548","1024","1024","1048576"
"acetic.png","1296727","1024","1024","1048576"
"acetobacter.png","1206985","1024","1024","1048576"
"acidification.png","1333120","1024","1024","1048576"
"acidulant.png","1225437","1024","1024","1048576"
"adjunct.png","1326555","1024","1024","1048576"
"aeropress.png","1176784","1024","1024","1048576"
"aftertaste.png","1286231","1024","1024","1048576"
"aglianico.png","1514365","1024","1024","1048576"
"agricole.png","1259839","1024","1024","1048576"
"aguardiente.png","1375971","1024","1024","1048576"
"alambic.png","1201699","1024","1024","1048576"
"albarino.png","1519275","1024","1024","1048576"
"ale.png","1315753","1024","1024","1048576"
"alkalinity.png","1302630","1024","1024","1048576"
"altbier.png","1320830","1024","1024","1048576"
"amarone.png","1434931","1024","1024","1048576"
"amber.png","1323517","1024","1024","1048576"
"americano.png","1239781","1024","1024","1048576"
"ampelography.png","1411247","1024","1024","1048576"
"amylase.png","1323158","1024","1024","1048576"
"anaerobic.png","1215718","1024","1024","1048576"
"anji.png","1359338","1024","1024","1048576"
"appellation.png","1420615","1024","1024","1048576"
"aquavit.png","1330530","1024","1024","1048576"
"aquifer.png","1392146","1024","1024","1048576"
"arabica.png","1432893","1024","1024","1048576"
"arak.png","1325367","1024","1024","1048576"
"armagnac.png","1215357","1024","1024","1048576"
"aroma.png","1730109","1024","1024","1048576"
"arsenic.png","1239354","1024","1024","1048576"
"artesian.png","1340766","1024","1024","1048576"
"ascorbate.png","1250671","1024","1024","1048576"
"aseptic.png","1346189","1024","1024","1048576"
"assam.png","1348632","1024","1024","1048576"
"assemblage.png","1365707","1024","1024","1048576"
"astringency.png","1151368","1024","1024","1048576"
"astringent.png","1266995","1024","1024","1048576"
"attenuation.png","1313005","1024","1024","1048576"
"autolysis.png","1245117","1024","1024","1048576"
"autumnal.png","1408201","1024","1024","1048576"
"azeotrope.png","1423605","1024","1024","1048576"
"backflush.png","1385600","1024","1024","1048576"
"backset.png","1317287","1024","1024","1048576"
"backslop.png","1165324","1024","1024","1048576"
"baihao.png","1174104","1024","1024","1048576"
"baimudan.png","1329378","1024","1024","1048576"
"bancha.png","1338878","1024","1024","1048576"
"baozhong.png","1162833","1024","1024","1048576"
"barbera.png","1376908","1024","1024","1048576"
"barleywine.png","1223715","1024","1024","1048576"
"barolo.png","1299761","1024","1024","1048576"
"barrique.png","1306102","1024","1024","1048576"
"batching.png","1121567","1024","1024","1048576"
"benifuki.png","1176931","1024","1024","1048576"
"berlinerweisse.png","1185760","1024","1024","1048576"
"bicarbonate.png","1289331","1024","1024","1048576"
"biluochun.png","1423256","1024","1024","1048576"
"biodynamic.png","1430714","1024","1024","1048576"
"biofilm.png","1094958","1024","1024","1048576"
"bitterness.png","1358452","1024","1024","1048576"
"blanc.png","1254218","1024","1024","1048576"
"bobal.png","1228466","1024","1024","1048576"
"bock.png","1199289","1024","1024","1048576"
"botrytis.png","1376061","1024","1024","1048576"
"bottling.png","1302379","1024","1024","1048576"
"bourbon.png","1265317","1024","1024","1048576"
"bourgogne.png","1288482","1024","1024","1048576"
"bovine.png","1298418","1024","1024","1048576"
"brackish.png","1291313","1024","1024","1048576"
"brandy.png","1196806","1024","1024","1048576"
"brett.png","1425599","1024","1024","1048576"
"brettanomyces.png","1236124","1024","1024","1048576"
"briskness.png","1316219","1024","1024","1048576"
"brix.png","1472081","1024","1024","1048576"
"browning.png","1301178","1024","1024","1048576"
"brunello.png","1309597","1024","1024","1048576"
"brut.png","1311784","1024","1024","1048576"
"buffalo.png","1296375","1024","1024","1048576"
"buttermilk.png","1161606","1024","1024","1048576"
"cabernet.png","1263122","1024","1024","1048576"
"cachaca.png","1372378","1024","1024","1048576"
"calcium.png","1292996","1024","1024","1048576"
"calvados.png","1375676","1024","1024","1048576"
"camellia.png","1215513","1024","1024","1048576"
"cappuccino.png","1367299","1024","1024","1048576"
"caprine.png","1252705","1024","1024","1048576"
"caramelization.png","1312152","1024","1024","1048576"
"carbonation.png","1345578","1024","1024","1048576"
"carbonic.png","1357510","1024","1024","1048576"
"carignan.png","1307038","1024","1024","1048576"
"carmenere.png","1260725","1024","1024","1048576"
"cascade.png","1462339","1024","1024","1048576"
"casein.png","1331534","1024","1024","1048576"
"caseinate.png","1216658","1024","1024","1048576"
"cask.png","1270911","1024","1024","1048576"
"catchment.png","1330297","1024","1024","1048576"
"catechin.png","1233605","1024","1024","1048576"
"catimor.png","1296109","1024","1024","1048576"
"catuai.png","1413237","1024","1024","1048576"
"caturra.png","1204767","1024","1024","1048576"
"cellulose.png","1331852","1024","1024","1048576"
"centennial.png","1281967","1024","1024","1048576"
"ceylon.png","1208636","1024","1024","1048576"
"chablis.png","1301492","1024","1024","1048576"
"champagne.png","1343390","1024","1024","1048576"
"channeling.png","1301945","1024","1024","1048576"
"chaptalization.png","1443245","1024","1024","1048576"
"charcoal.png","1428588","1024","1024","1048576"
"chemex.png","1300356","1024","1024","1048576"
"chiller.png","1293234","1024","1024","1048576"
"chinook.png","1189641","1024","1024","1048576"
"chloride.png","1277199","1024","1024","1048576"
"chlorination.png","1311971","1024","1024","1048576"
"churning.png","1360845","1024","1024","1048576"
"citra.png","1404402","1024","1024","1048576"
"citric.png","1203963","1024","1024","1048576"
"clarifier.png","1296730","1024","1024","1048576"
"clonal.png","1234287","1024","1024","1048576"
"clone.png","1263974","1024","1024","1048576"
"cloudiness.png","1348485","1024","1024","1048576"
"coagulation.png","1311913","1024","1024","1048576"
"coldpress.png","1302548","1024","1024","1048576"
"color.png","1363164","1024","1024","1048576"
"colostrum.png","1264687","1024","1024","1048576"
"columbus.png","1251430","1024","1024","1048576"
"compression.png","1390123","1024","1024","1048576"
"concentrate.png","1314797","1024","1024","1048576"
"conditioning.png","1334977","1024","1024","1048576"
"conductivity.png","1236441","1024","1024","1048576"
"congeners.png","1311635","1024","1024","1048576"
"contamination.png","1416790","1024","1024","1048576"
"conveyor.png","1322854","1024","1024","1048576"
"cooling.png","1300223","1024","1024","1048576"
"cortado.png","1154265","1024","1024","1048576"
"creaming.png","1249025","1024","1024","1048576"
"creamline.png","1210640","1024","1024","1048576"
"crema.png","1220534","1024","1024","1048576"
"ctc.png","1321504","1024","1024","1048576"
"cultivar.png","1366441","1024","1024","1048576"
"culture.png","1359180","1024","1024","1048576"
"culturing.png","1215864","1024","1024","1048576"
"cupper.png","1273376","1024","1024","1048576"
"cupping.png","1386221","1024","1024","1048576"
"curacao.png","1358341","1024","1024","1048576"
"curd.png","1257021","1024","1024","1048576"
"curdling.png","1380086","1024","1024","1048576"
"dahongpao.png","1289066","1024","1024","1048576"
"darjeeling.png","1312925","1024","1024","1048576"
"deaeration.png","1335740","1024","1024","1048576"
"decanting.png","1686280","1024","1024","1048576"
"decoction.png","1475406","1024","1024","1048576"
"defect.png","1211175","1024","1024","1048576"
"degassing.png","1240213","1024","1024","1048576"
"demerara.png","1350645","1024","1024","1048576"
"demucilage.png","1271096","1024","1024","1048576"
"desalination.png","1216694","1024","1024","1048576"
"destemming.png","1352496","1024","1024","1048576"
"development.png","1369430","1024","1024","1048576"
"dextrin.png","1334072","1024","1024","1048576"
"diacetyl.png","1186525","1024","1024","1048576"
"dianhong.png","1312183","1024","1024","1048576"
"dilution.png","1266385","1024","1024","1048576"
"disgorgement.png","1229301","1024","1024","1048576"
"disinfection.png","1194706","1024","1024","1048576"
"distillate.png","1286759","1024","1024","1048576"
"distillation.png","1330215","1024","1024","1048576"
"distribution.png","1386673","1024","1024","1048576"
"dortmunder.png","1177278","1024","1024","1048576"
"dosage.png","1480078","1024","1024","1048576"
"dose.png","1292100","1024","1024","1048576"
"drain-and-return.png","1261457","1024","1024","1048576"
"dripper.png","1334554","1024","1024","1048576"
"dry-extract.png","1217255","1024","1024","1048576"
"dryhopping.png","1211376","1024","1024","1048576"
"drymill.png","1099656","1024","1024","1048576"
"dryness.png","1340283","1024","1024","1048576"
"dunder.png","1250277","1024","1024","1048576"
"dunkel.png","1312043","1024","1024","1048576"
"eaudevie.png","1386396","1024","1024","1048576"
"ebc.png","1317652","1024","1024","1048576"
"effervescence.png","1388307","1024","1024","1048576"
"elegance.png","1541161","1024","1024","1048576"
"elevage.png","1229826","1024","1024","1048576"
"en-tirage.png","1240868","1024","1024","1048576"
"enzyme.png","1209257","1024","1024","1048576"
"espresso.png","1170557","1024","1024","1048576"
"estate-bottled.png","1294102","1024","1024","1048576"
"ester-profile.png","1269424","1024","1024","1048576"
"ester.png","1313789","1024","1024","1048576"
"ethanol.png","1188263","1024","1024","1048576"
"eutypa-dieback.png","1350664","1024","1024","1048576"
"evaporation.png","1365911","1024","1024","1048576"
"excelsa.png","1325425","1024","1024","1048576"
"extended-lees-aging.png","1268542","1024","1024","1048576"
"extraction.png","1520177","1024","1024","1048576"
"feedlot.png","1379519","1024","1024","1048576"
"feints.png","1316780","1024","1024","1048576"
"fermentation-kinetics.png","1249860","1024","1024","1048576"
"fermentation-lock.png","1245287","1024","1024","1048576"
"fermentor.png","1181073","1024","1024","1048576"
"filtration-cutoff.png","1294396","1024","1024","1048576"
"filtration.png","1606993","1024","1024","1048576"
"fining.png","1583435","1024","1024","1048576"
"firing.png","1295668","1024","1024","1048576"
"fizz.png","1268913","1024","1024","1048576"
"flavor.png","1382175","1024","1024","1048576"
"flavoring.png","1464414","1024","1024","1048576"
"flocculation.png","1318554","1024","1024","1048576"
"fluoride.png","1296236","1024","1024","1048576"
"flush.png","1310915","1024","1024","1048576"
"foaming.png","1231133","1024","1024","1048576"
"fortification.png","1262634","1024","1024","1048576"
"fragrance.png","1328104","1024","1024","1048576"
"free-run-juice.png","1293854","1024","1024","1048576"
"frenchpress.png","1349508","1024","1024","1048576"
"fronsac.png","1522426","1024","1024","1048576"
"fruit-set.png","1382018","1024","1024","1048576"
"fuggles.png","1254102","1024","1024","1048576"
"fusel.png","1299744","1024","1024","1048576"
"gaba.png","1326076","1024","1024","1048576"
"gamay.png","1658592","1024","1024","1048576"
"geisha.png","1305935","1024","1024","1048576"
"gelation.png","1277627","1024","1024","1048576"
"genmaicha.png","1221183","1024","1024","1048576"
"geographical-indication.png","1364188","1024","1024","1048576"
"gin.png","1354056","1024","1024","1048576"
"glacial.png","1185910","1024","1024","1048576"
"gluconacetobacter.png","1337649","1024","1024","1048576"
"gluconic.png","1375826","1024","1024","1048576"
"glycerol.png","1137027","1024","1024","1048576"
"gobelet.png","1471040","1024","1024","1048576"
"grafting.png","1233397","1024","1024","1048576"
"grappa.png","1292020","1024","1024","1048576"
"green-harvest.png","1326967","1024","1024","1048576"
"grenache.png","1559475","1024","1024","1048576"
"gross-lees.png","1184803","1024","1024","1048576"
"groundwater.png","1358214","1024","1024","1048576"
"grouphead.png","1202456","1024","1024","1048576"
"guernsey.png","1285465","1024","1024","1048576"
"gueuze.png","1230987","1024","1024","1048576"
"gyokuro.png","1244017","1024","1024","1048576"
"gyropalette.png","1394964","1024","1024","1048576"
"hallertau.png","1354202","1024","1024","1048576"
"hang-time.png","1461205","1024","1024","1048576"
"hard-press-fraction.png","1256637","1024","1024","1048576"
"hardness.png","1213741","1024","1024","1048576"
"harvest.png","1693661","1024","1024","1048576"
"haze.png","1445818","1024","1024","1048576"
"heads.png","1300169","1024","1024","1048576"
"headspace.png","1259933","1024","1024","1048576"
"hearts.png","1322681","1024","1024","1048576"
"heat-spike.png","1343998","1024","1024","1048576"
"hefeweizen.png","1288545","1024","1024","1048576"
"heirloom.png","1411213","1024","1024","1048576"
"helles.png","1201867","1024","1024","1048576"
"herbaceous-character.png","1295900","1024","1024","1048576"
"hermitage.png","1450121","1024","1024","1048576"
"highproof.png","1308674","1024","1024","1048576"
"hojicha.png","1282225","1024","1024","1048576"
"holstein.png","1213781","1024","1024","1048576"
"homogenization.png","1295974","1024","1024","1048576"
"honey.png","1375690","1024","1024","1048576"
"hopback.png","1199737","1024","1024","1048576"
"hopstand.png","1232708","1024","1024","1048576"
"horizontal-press.png","1329437","1024","1024","1048576"
"hue.png","1350264","1024","1024","1048576"
"hybrid-grape.png","1415184","1024","1024","1048576"
"hydrogen-sulfide.png","1281905","1024","1024","1048576"
"hydrogeology.png","1331941","1024","1024","1048576"
"hydrology.png","1299714","1024","1024","1048576"
"hydrometer.png","1305031","1024","1024","1048576"
"ibu.png","1268089","1024","1024","1048576"
"infusion.png","1361193","1024","1024","1048576"
"inoculum.png","1220929","1024","1024","1048576"
"iron.png","1163682","1024","1024","1048576"
"isomerization.png","1231196","1024","1024","1048576"
"jasmine.png","1200654","1024","1024","1048576"
"jeroboam.png","1442162","1024","1024","1048576"
"jersey.png","1295979","1024","1024","1048576"
"juiciness.png","1341754","1024","1024","1048576"
"juniper.png","1215550","1024","1024","1048576"
"jura.png","1260910","1024","1024","1048576"
"kabusecha.png","1245188","1024","1024","1048576"
"kahm.png","1231751","1024","1024","1048576"
"kalita.png","1311385","1024","1024","1048576"
"keemun.png","1345410","1024","1024","1048576"
"kefir.png","1210879","1024","1024","1048576"
"kirsch.png","1316047","1024","1024","1048576"
"kolsch.png","1220271","1024","1024","1048576"
"krausen.png","1462943","1024","1024","1048576"
"kukicha.png","1391479","1024","1024","1048576"
"laban.png","1165058","1024","1024","1048576"
"labeling.png","1195371","1024","1024","1048576"
"lactase.png","1261290","1024","1024","1048576"
"lactation.png","1293028","1024","1024","1048576"
"lactic.png","1358227","1024","1024","1048576"
"lactobacillus.png","1255465","1024","1024","1048576"
"lactose.png","1366557","1024","1024","1048576"
"lager.png","1240495","1024","1024","1048576"
"lambic.png","1348376","1024","1024","1048576"
"lambrusco.png","1511532","1024","1024","1048576"
"languedoc.png","1626916","1024","1024","1048576"
"lapsang.png","1354680","1024","1024","1048576"
"lauter.png","1384854","1024","1024","1048576"
"lees.png","1418066","1024","1024","1048576"
"liberica.png","1297392","1024","1024","1048576"
"lipolysis.png","1352097","1024","1024","1048576"
"liqueur.png","1284386","1024","1024","1048576"
"liquor.png","1231593","1024","1024","1048576"
"longjing.png","1218348","1024","1024","1048576"
"lovibond.png","1268156","1024","1024","1048576"
"lungo.png","1261965","1024","1024","1048576"
"macchiato.png","1219768","1024","1024","1048576"
"macerate.png","1291957","1024","1024","1048576"
"maceration.png","1539985","1024","1024","1048576"
"magnesium.png","1318144","1024","1024","1048576"
"maillard.png","1373996","1024","1024","1048576"
"malbec.png","1438601","1024","1024","1048576"
"malic.png","1287390","1024","1024","1048576"
"malolactic.png","1409853","1024","1024","1048576"
"malt.png","1303238","1024","1024","1048576"
"manganese.png","1304587","1024","1024","1048576"
"maragogipe.png","1301982","1024","1024","1048576"
"marsanne.png","1588057","1024","1024","1048576"
"mash.png","1351252","1024","1024","1048576"
"mastitis.png","1224736","1024","1024","1048576"
"matcha.png","1309724","1024","1024","1048576"
"maturation.png","1408087","1024","1024","1048576"
"membrane.png","1208759","1024","1024","1048576"
"merlot.png","1449580","1024","1024","1048576"
"mezcal.png","1416749","1024","1024","1048576"
"microfiltration.png","1335211","1024","1024","1048576"
"milkshed.png","1306781","1024","1024","1048576"
"minerality.png","1288205","1024","1024","1048576"
"mineralization.png","1250901","1024","1024","1048576"
"mold.png","1323177","1024","1024","1048576"
"monastrell.png","1209270","1024","1024","1048576"
"monsoonal.png","1262565","1024","1024","1048576"
"moonshine.png","1328163","1024","1024","1048576"
"mosaic.png","1243016","1024","1024","1048576"
"mourvedre.png","1306877","1024","1024","1048576"
"mouthfeel.png","1216310","1024","1024","1048576"
"mucilage.png","1428059","1024","1024","1048576"
"mundonovo.png","1267559","1024","1024","1048576"
"muscadet.png","1259422","1024","1024","1048576"
"muscat.png","1237848","1024","1024","1048576"
"muscatel.png","1339744","1024","1024","1048576"
"natural.png","1384814","1024","1024","1048576"
"nebbiolo.png","1373647","1024","1024","1048576"
"nectar.png","1345842","1024","1024","1048576"
"newmake.png","1265083","1024","1024","1048576"
"nilgiri.png","1246369","1024","1024","1048576"
"nitrate.png","1201768","1024","1024","1048576"
"nitrite.png","1315646","1024","1024","1048576"
"nosing.png","1341723","1024","1024","1048576"
"oenology.png","1281739","1024","1024","1048576"
"orthodox.png","1393755","1024","1024","1048576"
"osmanthus.png","1345379","1024","1024","1048576"
"overproof.png","1298769","1024","1024","1048576"
"ovine.png","1300171","1024","1024","1048576"
"oxidation.png","1357849","1024","1024","1048576"
"oxidative.png","1358664","1024","1024","1048576"
"ozonation.png","1344192","1024","1024","1048576"
"pacamara.png","1258911","1024","1024","1048576"
"palatability.png","1298186","1024","1024","1048576"
"panfiring.png","1282448","1024","1024","1048576"
"parellada.png","1297919","1024","1024","1048576"
"pasteurization.png","1208010","1024","1024","1048576"
"pasteurizer.png","1167978","1024","1024","1048576"
"peated.png","1321932","1024","1024","1048576"
"pectinase.png","1248404","1024","1024","1048576"
"pellicle.png","1302176","1024","1024","1048576"
"phenolic.png","1267920","1024","1024","1048576"
"pigeage.png","1250080","1024","1024","1048576"
"pilsner.png","1400472","1024","1024","1048576"
"pinot.png","1335635","1024","1024","1048576"
"plato.png","1285803","1024","1024","1048576"
"plucking.png","1434602","1024","1024","1048576"
"polyphenol.png","1314237","1024","1024","1048576"
"pomace.png","1241041","1024","1024","1048576"
"pomerol.png","1401105","1024","1024","1048576"
"portafilter.png","1186025","1024","1024","1048576"
"porter.png","1167349","1024","1024","1048576"
"potability.png","1288465","1024","1024","1048576"
"potassium.png","1276306","1024","1024","1048576"
"potstill.png","1316927","1024","1024","1048576"
"pressing.png","1336367","1024","1024","1048576"
"primary.png","1356993","1024","1024","1048576"
"priming.png","1310111","1024","1024","1048576"
"primitivo.png","1337526","1024","1024","1048576"
"probiotic.png","1394176","1024","1024","1048576"
"proofing.png","1247455","1024","1024","1048576"
"proteolysis.png","1216370","1024","1024","1048576"
"puerh.png","1331740","1024","1024","1048576"
"pulp.png","1274088","1024","1024","1048576"
"pulping.png","1265778","1024","1024","1048576"
"pumpover.png","1257843","1024","1024","1048576"
"purity.png","1321076","1024","1024","1048576"
"racking.png","1193959","1024","1024","1048576"
"recharge.png","1287493","1024","1024","1048576"
"reconstitution.png","1264293","1024","1024","1048576"
"rectification.png","1380821","1024","1024","1048576"
"reduction.png","1213022","1024","1024","1048576"
"refractometer.png","1299192","1024","1024","1048576"
"refreshment.png","1332047","1024","1024","1048576"
"reinheitsgebot.png","1328321","1024","1024","1048576"
"remineralization.png","1347455","1024","1024","1048576"
"rennet.png","1312389","1024","1024","1048576"
"reserva.png","1347692","1024","1024","1048576"
"retort.png","1313075","1024","1024","1048576"
"rhum.png","1278145","1024","1024","1048576"
"riesling.png","1217696","1024","1024","1048576"
"ripasso.png","1228298","1024","1024","1048576"
"ripening.png","1218974","1024","1024","1048576"
"ristretto.png","1296042","1024","1024","1048576"
"roast.png","1378335","1024","1024","1048576"
"roastery.png","1366022","1024","1024","1048576"
"roasting.png","1225729","1024","1024","1048576"
"robusta.png","1371551","1024","1024","1048576"
"rolling.png","1404043","1024","1024","1048576"
"rondinella.png","1328311","1024","1024","1048576"
"runoff.png","1286935","1024","1024","1048576"
"rye.png","1301961","1024","1024","1048576"
"saaz.png","1344613","1024","1024","1048576"
"saccharomyces.png","1270682","1024","1024","1048576"
"saemidori.png","1252875","1024","1024","1048576"
"saison.png","1275347","1024","1024","1048576"
"salinity.png","1277013","1024","1024","1048576"
"sangiovese.png","1405141","1024","1024","1048576"
"sanitation.png","1282244","1024","1024","1048576"
"sauternes.png","1247733","1024","1024","1048576"
"scoby.png","1280020","1024","1024","1048576"
"screening.png","1399940","1024","1024","1048576"
"secondary.png","1243412","1024","1024","1048576"
"sediment.png","1276780","1024","1024","1048576"
"sedimentation.png","1221445","1024","1024","1048576"
"sencha.png","1407734","1024","1024","1048576"
"separation.png","1219866","1024","1024","1048576"
"sheng.png","1240884","1024","1024","1048576"
"shincha.png","1398074","1024","1024","1048576"
"shou.png","1384846","1024","1024","1048576"
"shoumei.png","1239111","1024","1024","1048576"
"silage.png","1163368","1024","1024","1048576"
"silica.png","1303699","1024","1024","1048576"
"simcoe.png","1396025","1024","1024","1048576"
"siphon.png","1368480","1024","1024","1048576"
"skimming.png","1163828","1024","1024","1048576"
"sodium.png","1198512","1024","1024","1048576"
"softness.png","1305365","1024","1024","1048576"
"solera.png","1385960","1024","1024","1048576"
"sommelier.png","1387542","1024","1024","1048576"
"sourmash.png","1308179","1024","1024","1048576"
"sourness.png","1329784","1024","1024","1048576"
"sparge.png","1267267","1024","1024","1048576"
"sparkling.png","1309891","1024","1024","1048576"
"springwater.png","1304878","1024","1024","1048576"
"stabilizer.png","1305683","1024","1024","1048576"
"steaming.png","1334017","1024","1024","1048576"
"steeping.png","1352690","1024","1024","1048576"
"stillage.png","1269639","1024","1024","1048576"
"stillwater.png","1195689","1024","1024","1048576"
"storage.png","1192621","1024","1024","1048576"
"stout.png","1373417","1024","1024","1048576"
"stripping.png","1315752","1024","1024","1048576"
"succinic.png","1135658","1024","1024","1048576"
"sugarcane.png","1197492","1024","1024","1048576"
"sulfate.png","1378172","1024","1024","1048576"
"sweetener.png","1290663","1024","1024","1048576"
"sweetness.png","1194997","1024","1024","1048576"
"symbiosis.png","1282659","1024","1024","1048576"
"syneresis.png","1151605","1024","1024","1048576"
"syrah.png","1229549","1024","1024","1048576"
"tails.png","1299253","1024","1024","1048576"
"tamaryokucha.png","1423499","1024","1024","1048576"
"tamper.png","1192814","1024","1024","1048576"
"tanginess.png","1293534","1024","1024","1048576"
"tannin.png","1315508","1024","1024","1048576"
"tartaric.png","1246222","1024","1024","1048576"
"tempranillo.png","1359792","1024","1024","1048576"
"tencha.png","1254514","1024","1024","1048576"
"tequila.png","1303298","1024","1024","1048576"
"teroldego.png","1295071","1024","1024","1048576"
"terpene.png","1310421","1024","1024","1048576"
"terroir.png","1505347","1024","1024","1048576"
"tettnang.png","1301780","1024","1024","1048576"
"texturization.png","1198970","1024","1024","1048576"
"theanine.png","1319682","1024","1024","1048576"
"thermization.png","1233148","1024","1024","1048576"
"tieguanyin.png","1376051","1024","1024","1048576"
"tincture.png","1210029","1024","1024","1048576"
"tippy.png","1331435","1024","1024","1048576"
"torrontes.png","1422869","1024","1024","1048576"
"trappist.png","1244903","1024","1024","1048576"
"trebbiano.png","1317849","1024","1024","1048576"
"trub.png","1300527","1024","1024","1048576"
"turbidity.png","1217502","1024","1024","1048576"
"turkish.png","1270113","1024","1024","1048576"
"typica.png","1363732","1024","1024","1048576"
"typicity.png","1378724","1024","1024","1048576"
"uht.png","1169362","1024","1024","1048576"
"ultraheat.png","1309601","1024","1024","1048576"
"ultraviolet.png","1214879","1024","1024","1048576"
"vendange.png","1126322","1024","1024","1048576"
"veraison.png","1268633","1024","1024","1048576"
"verdelho.png","1372577","1024","1024","1048576"
"vermentino.png","1369460","1024","1024","1048576"
"vermouth.png","1454254","1024","1024","1048576"
"vernal.png","1261852","1024","1024","1048576"
"vinegar.png","1263870","1024","1024","1048576"
"vinification.png","1910876","1024","1024","1048576"
"vintage.png","1433669","1024","1024","1048576"
"viognier.png","1270313","1024","1024","1048576"
"viscosity.png","1296496","1024","1024","1048576"
"volatile.png","1157766","1024","1024","1048576"
"washback.png","1315566","1024","1024","1048576"
"washed.png","1309030","1024","1024","1048576"
"watershed.png","1253591","1024","1024","1048576"
"wetmill.png","1178646","1024","1024","1048576"
"whey.png","1327155","1024","1024","1048576"
"whirlpool.png","1438255","1024","1024","1048576"
"whiskey.png","1311833","1024","1024","1048576"
"witbier.png","1299504","1024","1024","1048576"
"withering.png","1310063","1024","1024","1048576"
"wormtub.png","1358176","1024","1024","1048576"
"wort.png","1396368","1024","1024","1048576"
"wuyi.png","1373677","1024","1024","1048576"
"yabukita.png","1324960","1024","1024","1048576"
"yield.png","1205857","1024","1024","1048576"
"yogurt.png","1365252","1024","1024","1048576"
"yunnan.png","1351086","1024","1024","1048576"
"zinfandel.png","1208088","1024","1024","1048576"
